Sl No,RERA Registration Number,Project Name,Promoter Name,Project Type,Project Status,Project Start Date,Declared Completion Date,Certificate Number,Certificate Date,Last Modified Date,Total Units,Sold Units,District,Taluk,Village
1,K-RERA/PRJ/ERK/001/2022,Green Meadows,ABC Builders Pvt Ltd,Residential,Registered,01/02/2022,31/12/2028,K-RERA/CERT/001,15/01/2022,2026-10-15,120,60,Ernakulam,Kanayannur,Kakkanad
2,K-RERA/PRJ/ERK/002/2022,Lake View Apartments,XYZ Infra Ltd,Apartment,Ongoing,10/03/2022,30/06/2027,CERT/002,05/03/2022,2026-09-29,200,210,ERNAKULAM,Kanayannur,Edappally
3,K-RERA/PRJ/TVM/003/2021,Palm Grove Villas,Palm Developers,Villa,Completed,01/06/2021,31/05/2025,CERT/003,20/05/2021,2026-08-15,40,40,Thiruvananthapuram,Thiruvananthapuram,Kazhakkoottam
4,K-RERA/PRJ/KKD/004/2023,Skyline Heights,Skyline Constructions,Commercial,Registered,15/07/2023,14/07/2028,CERT/004,01/07/2023,2026-09-25,75,10,Kozhikode,Kozhikode,Ramanattukara
5,K-RERA/PRJ/TSR/005/2020,Riverdale Residency,Riverdale Homes,Residential,Lapsed,01/01/2020,31/12/2023,CERT/005,20/12/2019,2026-07-01,150,90,Thrissur,Thrissur,Ollur
6,K-RERA/PRJ/ALP/006/2022,Backwater Enclave,Coastal Realty,Plotted,Registered,05/05/2022,04/05/2027,CERT/006,25/04/2022,2026-09-20,300,120,Alappuzha,Ambalapuzha,Punnapra
7,K-RERA/PRJ/KNR/007/2021,Hilltop Estates,Northern Builders,Mixed,Ongoing,01/09/2021,31/08/2026,CERT/007,20/08/2021,2026-09-27,90,55,Kannur,Thalassery,Dharmadam
8,K-RERA/PRJ/IDK/008/2023,Misty Mountains,Highland Ventures,Resort,Registered,01/04/2023,31/03/2028,CERT/008,15/03/2023,2026-09-15,60,5,Idukki,Devikulam,Munnar
9,K-RERA/PRJ/PTA/009/2022,,Vision Homes,Residential,Registered,32/13/2022,31/12/2026,CERT/009,01/01/2022,2026-09-10,"1,000",,Pathanamthitta,Kozhencherry,Elanthoor
10,K-RERA/PRJ/MPM/010/2019,Green Valley,Valley Developers,Residential,Registered,01/01/2019,31/12/2021,CERT/010,01/12/2018,2026-06-01,500,480,Malappuram,Tirur,Kottakkal
